programName;achievementText;category;type
E-QL Education;In recognition of achievement in holistic well-being education this intern demonstrated training in mental, physical, and social health principles, developed quality of life strategies, and improved socialization skills.;Human Services;Achievement
Social Responsibility Clubs;In recognition of leadership in community engagement and global citizenship this volunteer demonstrated skill in organizing activities, developing leadership capabilities, and contributing to community projects.;Social Impact & Policy;Achievement
Internship & Mentorship;In recognition of professional development through internship and mentorship this intern demonstrated hands-on experience with PMOROS Project Management, built essential professional skills, and enhanced career prospects.;Professional Services;Achievement
Health Happiness & Wellness;In recognition of service and dedication to enhancing well-being through kindness this volunteer demonstrated engagement in promoting mental health, wellness initiatives, and fostering positive community relationships.;Human Services;Achievement
PMOROS Project Management;In recognition of mastery in project management and productivity strategies this intern demonstrated proficiency in planning, executing, and managing projects efficiently using PMOROS and enhanced AI research techniques.;Professional Services;Achievement
Essential 8 Disciplines;In recognition of achievement in developing critical professional competencies across eight disciplines this intern demonstrated collaborative training in communication, business, marketing, management, research, and problem-solving.;Business & Finance;Achievement
Career Prep & Interview Skills;In recognition of preparation for professional career advancement this intern demonstrated development of interview skills, professional resumes and portfolios, and effective strategies for obtaining recommendations.;Professional Services;Achievement
Work Placement Services;In recognition of successfully navigating the job market through work placement training this intern demonstrated practical skills in sourcing opportunities, securing appointments, and reviewing employment contracts.;Professional Services;Achievement
U.S. Study Abroad Program;In recognition of international career development through the U.S. Study Abroad program this intern demonstrated hands-on field experience, enhanced global perspective, and developed cross-cultural competencies significantly.;Professional Services;Achievement
English Conversational;In recognition of achievement in developing English conversational skills and language fluency this intern demonstrated practical communication techniques for everyday interactions and gained confidence in speaking English.;Marketing & Communications;Achievement
English Business Communication;In recognition of proficiency in professional English communication for business settings this intern demonstrated mastery in business writing, presentation skills, negotiation techniques, and business language etiquette.;Marketing & Communications;Achievement
English Language Immersion;In recognition of language proficiency gained through intensive English immersion in American culture this intern demonstrated comprehensive language instruction, cultural engagement, and real-world practice in authentic environments.;Marketing & Communications;Achievement
Work/Life Balance & CSR;In recognition of training in work/life balance and CSR integration this volunteer demonstrated expertise in PMOROS, career development strategies, and team building initiatives supporting ESG and SDG goals.;Business & Finance;Achievement
Health & Wellness Focus;In recognition of focus on personal and community well-being through Project KOPE this volunteer demonstrated strategies for maintaining health, happiness, wellness including relationship building, mental health, and stress reduction.;Human Services;Achievement
Financial Literacy & Planning;In recognition of achievement in financial literacy and planning fundamentals this intern demonstrated comprehensive training in budgeting, savings strategies, investment principles, and financial decision-making for long-term security.;Business & Finance;Achievement
Corporate Social Responsibility;In recognition of understanding CSR principles and ethical business practices this intern demonstrated knowledge of how businesses can operate ethically and sustainably while increasing ROI and making positive societal impacts.;Social Impact & Policy;Achievement
Volunteer & Team Building;In recognition of contributions to corporate culture through volunteerism and team building this volunteer demonstrated how these activities enhance productivity, strengthen team dynamics, and improve organizational ROI.;Professional Services;Achievement
Train the Trainer;In recognition of development as an effective trainer and educator this intern demonstrated comprehensive training in instructional design, delivery techniques, and assessment methods with opportunities to earn income.;Education;Achievement
Database Management;In recognition of mastery in database management principles and data organization this intern demonstrated practical skills in data storage, retrieval, analysis, and security while ensuring data integrity and effective management.;Technology & Digital;Achievement
Web Development;In recognition of achievement in web development skills and modern web technologies this intern demonstrated ability to create and maintain functional websites using HTML, CSS, and contemporary design principles.;Technology & Digital;Achievement
Software Development;In recognition of achievement in software development and programming excellence this intern demonstrated extensive knowledge in programming languages, software design principles, and application development through hands-on experience.;Technology & Digital;Achievement
Product Development;In recognition of mastery in the complete product development lifecycle from concept to market this intern demonstrated proficiency in ideation, design, prototyping, market research, and product launching processes.;Engineering & Product;Achievement
Fund-Raising;In recognition of skills in fundraising for non-profit organizations and social impact initiatives this intern demonstrated expertise in fundraising planning, donor relations, campaign execution, and securing donations and grants.;Professional Services;Achievement
Event Planning;In recognition of achievement in planning and executing successful events this intern demonstrated mastery of event logistics, venue scouting, coordination, marketing, and management to create memorable, impactful experiences.;Professional Services;Achievement
Human Resources;In recognition of developing expertise in HR management and employee relations this intern demonstrated knowledge of recruitment, performance management, retention strategies, and benefits planning for organizational success.;Human Services;Achievement
AI Training Guide;In recognition of achievement in understanding AI applications for business and education this intern demonstrated knowledge of how AI enhances business processes, decision-making, learning, and productivity management effectively.;Technology & Digital;Achievement
ESG - Environmental;In recognition of achievement in environmental sustainability practices and conservation strategies this intern demonstrated training in environmental impact assessments, sustainable resource management, and promoting responsibility.;Social Impact & Policy;Achievement
ESG - Social;In recognition of commitment to understanding social aspects of ESG frameworks this volunteer demonstrated comprehensive knowledge of social justice, community engagement, and ethical labor practices for inclusive communities.;Social Impact & Policy;Achievement
ESG - Governance;In recognition of mastery in effective governance practices and ethical business conduct within ESG frameworks this intern demonstrated knowledge of corporate governance structures, transparency, accountability, and risk management.;Business & Finance;Achievement
ESG SDG & CSR Economic;In recognition of understanding economic sustainability and responsible financial practices this intern demonstrated training in ethical investing, economic development, and sustainable business models balancing financial and social goals.;Business & Finance;Achievement
SDGs Think Tank Network;In recognition of engagement with experts to develop strategies for achieving UN SDGs this volunteer demonstrated participation in the Collaboration Think Tank System and contributed to collaborative problem-solving and innovation.;Social Impact & Policy;Achievement
Sustainable Development Communities;In recognition of commitment to creating sustainable communities through Arcadiadom this volunteer demonstrated knowledge of sustainable community development, environmental stewardship, eco-tourism, and sustainable food production.;Social Impact & Policy;Achievement
RAPID Response Team 1;In recognition of achievement in entrepreneurial methods and rapid response capabilities this intern demonstrated skills in management, problem-solving, and adaptive decision-making through engagement in real-world business scenarios.;Entrepreneurship;Achievement
Advanced Project Management;In recognition of mastery in advanced project management and leadership excellence this intern demonstrated sophisticated techniques for leading successful projects, managing teams and resources effectively, and engaging stakeholders.;Professional Services;Achievement
Innovate or Die;In recognition of understanding the critical importance of innovation for organizational competitiveness this intern demonstrated knowledge of strategies for fostering creativity, managing innovation, leading change, and planning.;Entrepreneurship;Achievement
Publishing Multi-Platform;In recognition of skills in content creation and publishing across multiple platforms this intern demonstrated expertise in publishing for social media, blogs, and books while learning content creation, editing, and distribution.;Creative & Media;Achievement
Community Partnership Centers;In recognition of achievement in establishing and managing community partnership centers this volunteer demonstrated comprehensive knowledge of collaboration, resource management, and community engagement with work opportunities.;Social Impact & Policy;Achievement
Government & Public Policy;In recognition of understanding government and public policy intersections this intern demonstrated exploration of policy development, implementation, and analysis while gaining insights into addressing societal challenges.;Social Impact & Policy;Achievement
NGO Sustainable Transformation;In recognition of understanding sustainable transformation for NGO, NPO, and faith-based organizations this volunteer demonstrated strategies for achieving long-term impact through organizational development and resource mobilization.;Social Impact & Policy;Achievement
Sports CSR;In recognition of achievement in understanding CSR within the sports industry this volunteer demonstrated insights into ethical practices, community engagement, and sustainable operations showing how sports contribute to social good.;Social Impact & Policy;Achievement
Influencer Social Responsibility;In recognition of understanding how influencers drive global social responsibility this volunteer demonstrated knowledge of leveraging social media for positive change through influencer marketing and social impact campaigns.;Marketing & Communications;Achievement
Year of One Planet One People;In recognition of participation in the global initiative to establish programs in all 195+ countries this volunteer demonstrated meaningful contribution to engaging hundreds of millions in collaborative sustainability efforts.;Social Impact & Policy;Achievement
Think Tank Professional Volunteer;In recognition of contribution to the Collaboration Think Tank Network connecting scientific, business, government, and academic sources this volunteer demonstrated collaborative work addressing global tipping point issues worldwide.;Professional Services;Achievement
One Table One World;In recognition of participation in bringing diverse people together through the One Table One World initiative this volunteer demonstrated efforts to foster dialogue, understanding, and collaboration across cultural and social boundaries.;Social Impact & Policy;Achievement
Barter Bucket List Challenge;In recognition of participation in the creative Barter Bucket List fundraising initiative this volunteer demonstrated entrepreneurial thinking by exchanging skills, services, or experiences to raise funds for social good causes.;Professional Services;Achievement
The ONE Challenge;In recognition of participation in The ONE Challenge to raise $1 for every person from millionaires and billionaires this volunteer demonstrated bold vision in advocating for systemic resource redistribution to address challenges.;Professional Services;Achievement
Crazy Ambitious Activities;In recognition of participation in the ultimate volunteering experience through CAAP this volunteer demonstrated engagement in bold, transformative projects that push boundaries and create extraordinary impact on global problems.;Social Impact & Policy;Achievement
Global Kindness Campaign;In recognition of creative contribution to spreading kindness worldwide through PSA development this volunteer demonstrated use of media and storytelling to amplify messages of compassion, civility, and social responsibility.;Creative & Media;Achievement
RENEW - Voices Protect;In recognition of commitment to environmental protection through the RENEW initiative this volunteer demonstrated active participation in programs addressing environmental contamination, waste reduction, and sustainable resource management.;Social Impact & Policy;Achievement
SIREM - Equality Month;In recognition of participation in Social Institutional Reform and Equality Month initiatives this volunteer demonstrated engagement in critical conversations about systemic inequality and advocated for institutional changes promoting equity.;Social Impact & Policy;Achievement
SIREM Speaks! Video Series;In recognition of contribution to amplifying diverse voices through the SIREM Speaks video series this volunteer demonstrated work in showcasing individuals providing real solutions to social institutional reform challenges.;Creative & Media;Achievement
Legacy Lifelines Memorial;In recognition of compassionate service in creating lasting legacies for lost loved ones through Legacy Lifelines Memorial this volunteer demonstrated helping families honor and remember those who have passed with meaningful tributes.;Human Services;Achievement
World Video Map;In recognition of creative participation in building the World Video Map showcasing The Power of One this volunteer demonstrated contribution to documenting how individual actions create global change and visualizing the sustainability movement.;Creative & Media;Achievement
Donation Partnership Campaigns;In recognition of strategic contribution to expanding organizational capacity through outreach campaigns this volunteer demonstrated engagement with potential donors, partners, and sponsors, helping secure resources for program expansion.;Professional Services;Achievement
1POP The Game;In recognition of participation in developing the educational game focused on humanity's survival challenges this intern demonstrated contribution to creating engaging, interactive learning experiences about complex global issues.;Creative & Media;Achievement
1POP Peace Portal;In recognition of contribution to building digital infrastructure connecting people to collaborative global systems this volunteer demonstrated development of the Peace Portal platform enabling worldwide participation in sustainability initiatives.;Technology & Digital;Achievement
One Planet One People Summits;In recognition of participation in organizing and contributing to One Planet One People global summits this volunteer demonstrated helping convene thought leaders and stakeholders to address critical sustainability challenges.;Professional Services;Achievement
Partnership Centers Development;In recognition of work in establishing Community Partnership Centers as local hubs for sustainability action this volunteer demonstrated contribution to creating spaces where communities collaborate on quality of life initiatives.;Social Impact & Policy;Achievement
Arcadiadom Communities;In recognition of contribution to planning and developing Arcadiadom Sustainable Development Communities this intern demonstrated work on creating sustainable communities integrating environmental stewardship, economic development, and eco-tourism.;Social Impact & Policy;Achievement
Benjamin DaVinci Centers;In recognition of contribution to establishing Benjamin DaVinci International Educational Centers worldwide this intern demonstrated support for expanding transformative educational infrastructure delivering STEP programming globally.;Education;Achievement
Collaborative Sustainability Summit;In recognition of contribution to the Collaborative Sustainability Global Summit bringing together international leaders this volunteer demonstrated facilitation of meaningful dialogue and action planning among diverse stakeholders.;Professional Services;Achievement
Basketball & Bonding;In recognition of contribution to strengthening parent-child relationships through Basketball & Bonding clinics this volunteer demonstrated creating opportunities for families to build lasting memories and improve communication through sports.;Human Services;Achievement
Working Dead Book Sponsorship;In recognition of promoting financial literacy through The Working Dead book sponsorship program this intern demonstrated helping distribute financial education resources to individuals and families struggling with economic challenges.;Business & Finance;Achievement
Financial Quality of Life;In recognition of work in helping individuals and families improve their financial quality of life this volunteer demonstrated providing guidance and resources for increasing income and securing better benefits for economic empowerment.;Business & Finance;Achievement
Custom Benefit Plans;In recognition of work in developing custom benefit plans for individuals and organizations this intern demonstrated contribution to creating supplemental benefit programs that address specific needs and improve quality of life.;Human Services;Achievement
The Dirty Dozen;In recognition of participation in The Dirty Dozen team building program pushing groups beyond conventional limits this volunteer demonstrated engagement in intensive team development activities building trust and collaborative problem-solving.;Professional Services;Achievement
Quality of Life Hubs;In recognition of contribution to creating quality of life hubs in home and office environments this volunteer demonstrated designing workspace solutions that enhance well-being, productivity, and sustainability in physical environments.;Professional Services;Achievement
Rooftop Sustainability Solutions;In recognition of participation in developing rooftop and building sustainability solutions this volunteer demonstrated contribution to innovative urban sustainability approaches including green roofs, solar installations, and vertical gardens.;Social Impact & Policy;Achievement
One Green World EduMarket;In recognition of participation in the One Green World EduMarket promoting sustainable products and environmental education this volunteer demonstrated helping create marketplaces combining commerce with environmental responsibility education.;Social Impact & Policy;Achievement
16 Things Books Initiative;In recognition of contribution to the 16 Things Cause Driven Books initiative focused on SDG, ESG, and CSR education this volunteer demonstrated helping distribute transformative educational content inspiring action on global challenges.;Creative & Media;Achievement
16 Things Workshop;In recognition of skill in facilitating 16 Things workshops translating book content into actionable organizational initiatives this volunteer demonstrated leading interactive sessions helping organizations customize sustainability programs.;Education;Achievement
Advertising Specialization;In recognition of skill development in advertising through real-world project engagement this intern demonstrated proficiency in campaign development, creative strategy, and client communication combining commercial effectiveness with social impact.;Creative & Media;Achievement
Analytics Specialization;In recognition of mastery in analytics through practical application in sustainability initiatives this intern demonstrated utilizing data analysis techniques to measure program impact, identify trends, and inform decision-making.;Professional Services;Achievement
Animation Specialization;In recognition of creative excellence in animation applied to social impact storytelling this intern demonstrated developing animated content that communicates complex sustainability concepts in engaging, accessible ways for diverse audiences.;Creative & Media;Achievement
Architecture & Design Specialization;In recognition of innovative design work focused on sustainable and human-centered spaces this intern demonstrated applying architectural and design principles to projects that enhance quality of life while minimizing environmental impact.;Architecture & Design;Achievement
Broadcasting Specialization;In recognition of excellence in broadcasting skills applied to amplifying messages of sustainability and social responsibility this intern demonstrated developing content for broadcast media that reaches diverse audiences.;Creative & Media;Achievement
Grant Writing Specialization;In recognition of grant writing skills that have secured funding for social impact initiatives this intern demonstrated crafting compelling proposals that articulate organizational missions, demonstrate need, and present viable solutions.;Professional Services;Achievement
Environmental Science Specialization;In recognition of application of environmental science principles to real-world sustainability challenges this intern demonstrated conducting research, analysis, and fieldwork addressing climate change, pollution, and resource conservation.;Social Impact & Policy;Achievement
Psychology Specialization;In recognition of application of psychological principles to improving individual and community well-being this intern demonstrated contribution to programs addressing mental health, behavioral change, and social dynamics affecting quality of life.;Human Services;Achievement
Public Policy Specialization;In recognition of engagement with public policy analysis and advocacy for systemic change this intern demonstrated researching policy issues, analyzing solutions, and contributing to advocacy promoting policies addressing social inequalities.;Social Impact & Policy;Achievement
Sustainability Specialization;In recognition of expertise in sustainability principles applied across environmental, social, and economic dimensions this intern demonstrated work on integrated sustainability initiatives balancing ecological protection and social equity.;Social Impact & Policy;Achievement
Youth Initiatives Specialization;In recognition of commitment to empowering youth as agents of change for global sustainability this intern demonstrated developing programs engaging young people in addressing quality of life challenges and building leadership skills.;Social Impact & Policy;Achievement
Leadership Specialization;In recognition of development of leadership capabilities through real-world application in sustainability initiatives this intern demonstrated ability to inspire others, facilitate collaboration, and make strategic decisions in complex environments.;Professional Services;Achievement
Legal Issues Specialization;In recognition of contribution applying legal knowledge to support social impact organizations this intern demonstrated researching legal issues, supporting contract review, ensuring regulatory compliance, and protecting organizational interests.;Professional Services;Achievement
Business Development Specialization;In recognition of strategic achievement in business development for social impact organizations this intern demonstrated identifying partnership opportunities, developing strategic relationships, and contributing to organizational growth.;Business & Finance;Achievement
Communication Specialization;In recognition of excellence in communication strategies that advance social responsibility messaging this intern demonstrated developing communication plans that effectively reach target audiences, build engagement, and promote organizational missions.;Marketing & Communications;Achievement
Economics Specialization;In recognition of application of economic principles to sustainable development challenges this intern demonstrated analyzing economic systems, evaluating resource allocation strategies, and developing economically viable sustainability solutions.;Business & Finance;Achievement
Entrepreneurship Specialization;In recognition of innovative entrepreneurial thinking applied to social impact ventures this intern demonstrated developing business concepts, evaluating market opportunities, and creating sustainable enterprises addressing quality of life challenges.;Entrepreneurship;Achievement
Game Development Specialization;In recognition of creative technical achievement in game development focused on education and social impact this intern demonstrated contributing to developing interactive gaming experiences that engage users with sustainability challenges.;Technology & Digital;Achievement
Graphics Specialization;In recognition of visual communication excellence applied to social impact messaging this intern demonstrated creating compelling graphics, infographics, and visual content that communicate complex sustainability concepts effectively.;Creative & Media;Achievement
Journalism Specialization;In recognition of journalistic excellence in reporting on sustainability and social impact issues this intern demonstrated researching, interviewing, and writing stories that inform audiences about global challenges and solutions through journalism.;Creative & Media;Achievement
Marketing Specialization;In recognition of strategic marketing expertise applied to social impact campaigns this intern demonstrated developing and implementing marketing strategies that promote awareness, engagement, and action on sustainability initiatives effectively.;Marketing & Communications;Achievement
Merchandising Specialization;In recognition of innovative merchandising strategies that promote sustainable products and ethical consumption this intern demonstrated contribution to product selection, display strategies, and sales approaches supporting sustainability goals.;Business & Finance;Achievement
Office Technology Specialization;In recognition of technical proficiency in office technology systems that enhance organizational effectiveness this intern demonstrated mastery of office software, collaboration tools, and digital systems supporting efficient operations.;Professional Services;Achievement
Promotions Specialization;In recognition of creative excellence in promotional campaigns for social impact initiatives this intern demonstrated developing and executing promotional strategies that generate awareness, engagement, and participation in sustainability programs.;Marketing & Communications;Achievement
Supply Chain Management Specialization;In recognition of strategic expertise in sustainable supply chain management this intern demonstrated analyzing supply chains, identifying opportunities for sustainability improvements, and developing more ethical and responsible sourcing systems.;Business & Finance;Achievement
Taxation Specialization;In recognition of expertise in taxation principles applied to supporting non-profit and social impact organizations this intern demonstrated researching tax regulations, supporting compliance efforts, and contributing to maximizing organizational resources.;Business & Finance;Achievement
United Nations SDG Specialization;In recognition of understanding and application of the UN's 17 Sustainable Development Goals this intern demonstrated work on initiatives aligned with multiple SDGs, integrating global sustainability frameworks into practical action.;Social Impact & Policy;Achievement
Video Production Specialization;In recognition of technical and creative excellence in video production for social impact storytelling this intern demonstrated producing compelling video content that documents sustainability initiatives, shares success stories, and inspires action.;Creative & Media;Achievement
Visual Communication Specialization;In recognition of excellence in visual communication design applied to social impact messaging this intern demonstrated creating cohesive visual identities, designing effective communications materials, and contributing to brand development.;Creative & Media;Achievement
Wellness Specialization;In recognition of dedication to promoting holistic wellness approaches in communities and organizations this intern demonstrated contribution to wellness programs addressing physical, mental, emotional, and social health dimensions comprehensively.;Human Services;Achievement
Writing Specialization;In recognition of writing skills applied to advancing social impact communications this intern demonstrated producing articles, reports, and web content that inform, inspire, and engage audiences with sustainability messages effectively.;Creative & Media;Achievement
Success Team Volunteer;In recognition of service as a Success Team Volunteer supporting collaborative sustainability initiatives this volunteer demonstrated pledging time and resources to advancing organizational missions and supporting efforts to improve quality of life.;Professional Services;Achievement
Success Team Intern;In recognition of contribution as a Success Team Intern supporting One Planet One People initiatives this intern demonstrated gaining practical experience while contributing meaningfully to organizational projects and developing professional skills.;Professional Services;Achievement
Education Specialization;In recognition of service in education initiatives promoting transformative learning for sustainability this volunteer demonstrated contribution to developing and delivering educational programs that equip learners with knowledge and skills.;Education;Achievement
Health Specialization;In recognition of service in health initiatives promoting well-being and quality of life this volunteer demonstrated contribution to programs addressing physical health, mental health, and health equity challenges affecting communities.;Human Services;Achievement
Insurance Specialization;In recognition of expertise in insurance principles applied to protecting social impact organizations and stakeholders this volunteer demonstrated contribution of knowledge about risk management, insurance options, and protection strategies.;Business & Finance;Achievement
S.A.W. Challenge;In recognition of participation in creating smile chains throughout communities this volunteer demonstrated active engagement in spreading positivity through simple acts of acknowledgment, contributing to building more connected communities.;Social Impact & Policy;Achievement
Great Pizza Peace Plan;In recognition of participation in the Great Pizza Peace Plan Challenge and PAK Kindness Pledge this volunteer demonstrated bringing people together through sharing food, fostering connection, dialogue, and peace-building in communities.;Social Impact & Policy;Achievement
Global Ambassador Karma Club;In recognition of achievement as a Global Ambassador and Karma Club Member committed to the PAK pledge this volunteer demonstrated solemn commitment to treat others with respect and kindness throughout life's journey.;Social Impact & Policy;Achievement
Day-1 Catalyst;In recognition of your pioneering support on the first day of our campaign. Your early commitment demonstrates leadership and inspires others to join our mission for planetary unity.;Gaming & Development;Appreciation
Digital Pioneer;In recognition of your support in advancing digital education and awareness. Your contribution helps spread knowledge and empowers individuals to take meaningful action for our shared future.;Gaming & Development;Appreciation
Digital Igniter;In recognition of your commitment to building our digital community and platform. Your support enables engaging experiences that transform learning into global action and collaboration.;Gaming & Development;Appreciation
Early Backer;In recognition of your early commitment as a founding backer. Your timely support strengthens our production and outreach, empowering teams worldwide to address critical global challenges.;Gaming & Development;Appreciation
Core Game Supporter;In recognition of your investment in cooperative gameplay that educates and unites. Your support delivers meaningful experiences that build essential skills for positive global impact.;Gaming & Development;Appreciation
Core & Expansion Backer;In recognition of your expanded commitment to our mission. Your support brings additional content and opportunities for teams to learn, collaborate, and lead transformative change.;Gaming & Development;Appreciation
First Print Collector;In recognition of your distinguished support as a founding collector. Your commitment preserves this inaugural edition and advances our mission to connect people in purposeful action.;Gaming & Development;Appreciation
Legacy Edition Collector;In recognition of your commitment to this special edition. Your belief in our vision elevates quality, expands reach, and inspires enduring action for a sustainable world.;Gaming & Development;Appreciation
Visionary Council Analyst;In recognition of your insight and participation in our development process. Your analytical contributions strengthen design quality and enhance learning outcomes for communities worldwide.;Gaming & Development;Appreciation
 Visionary Council Strategist;In recognition of your strategic guidance and active leadership in development. Your expertise shapes meaningful design choices and amplifies impact across our growing global community.;Gaming & Development;Appreciation
Visionary Council Architect;In recognition of your creative contributions and dedication to collaborative design. Your innovative ideas enrich our content and create practical pathways to collective global action.;Gaming & Development;Appreciation
Visionary Council Mastermind;In recognition of your distinguished partnership and visionary leadership. Your guidance accelerates innovation, strengthens engagement, and advances the mission of One Planet One People.;Gaming & Development;Appreciation
Education Impact Partner;In recognition of your commitment to education and team development. Your support equips facilitators and participants to collaborate effectively and create positive change in their communities.;Gaming & Development;Partnership
Sustainability Squad Partner;In recognition of your dedication to scaling sustainability education. Your commitment enables multiple groups to learn, engage, and lead meaningful environmental and social initiatives.;Gaming & Development;Partnership
Community Collective Partner;In recognition of your leadership in mobilizing community teams. Your support expands access, builds local capacity, and strengthens grassroots leadership for sustainable impact.;Gaming & Development;Partnership
Global Guardians;In recognition of your corporate commitment to large-scale engagement. Your leadership equips numerous teams to learn, collaborate, and implement solutions across your organization.;Gaming & Development;Partnership
Legacy Leaders;In recognition of your commitment to education and action at scale. Your investment cultivates a culture of responsibility and empowers hundreds to lead with purpose.;Gaming & Development;Partnership
Impact Ally;In recognition of your corporate partnership and commitment to measurable social impact. Your support elevates education, engagement, and transparency in our shared mission.;Gaming & Development;Partnership
Mission Champion;In recognition of your significant sponsorship and advocacy. Your partnership amplifies our reach, strengthens our programs, and inspires others to lead with purpose and integrity.;Gaming & Development;Partnership
Global Visionary;In recognition of your visionary corporate partnership. Your leadership accelerates innovation, expands global engagement, and delivers credible, scalable impact for people and planet.;Gaming & Development;Partnership
Founding Partnership - Exclusive Sponsor;In recognition of your founding-level commitment and leadership. Your transformative partnership advances our global mission and enables sustained, meaningful impact for generations.;Gaming & Development;Partnership
