programName;category;achievementText;type
The Karma Club - Member (Level 1);Social Impact & Policy;In recognition of beginning the journey toward positive change through acts of kindness and social responsibility this volunteer has joined the Karma Club and committed to the PAK pledge to treat others with respect and kindness.;Achievement
The Karma Club - Acquaintance (Level 2);Social Impact & Policy;In recognition of continued dedication to fostering positive karma through community engagement this volunteer has demonstrated sustained commitment to kindness initiatives and built meaningful relationships within their community.;Achievement
The Karma Club - Associate (Level 3);Social Impact & Policy;In recognition of commitment to creating positive change through acts of kindness and social responsibility this volunteer has demonstrated dedication through active community service and exemplified values of respect and compassion.;Achievement
The Karma Club - Friend (Level 4);Social Impact & Policy;In recognition of advanced achievement in promoting kindness across multiple communities this volunteer has demonstrated exceptional consistency in service, leadership in organizing initiatives, and inspired others to join the movement.;Achievement
The Karma Club - Supporter (Level 5);Social Impact & Policy;In recognition of exemplary leadership and substantial contributions to the global kindness movement this volunteer has demonstrated extraordinary dedication through high-impact service projects and served as a role model for social responsibility.;Achievement
The Karma Club - Activist (Level 6);Social Impact & Policy;In recognition of leadership in the global movement for kindness and social responsibility this Global Ambassador has demonstrated exceptional dedication through extensive community service and inspired others to join the collaborative mission.;Achievement
The Karma Club - Humanitarian (Level 7);Social Impact & Policy;In recognition of distinguished service and transformative leadership in advancing the global kindness agenda this Master Ambassador has demonstrated years of dedicated service, created sustainable impact, and mentored emerging leaders.;Achievement
The Karma Club - Philanthropist (Level 8);Social Impact & Policy;In recognition of achievement and visionary leadership in global kindness and social transformation this Elite Global Leader has demonstrated decades of exceptional service, created lasting institutional change, and pioneered innovative approaches.;Achievement
The Karma Club - Angel (Level 9);Social Impact & Policy;In recognition of unparalleled  dedication and transformative global impact in advancing kindness and human dignity worldwide this Legendary Champion has demonstrated devotion to creating systemic change and improving quality of life globally.;Achievement
